vx_mean,vx_std,vy_mean,vy_std,vt_mean,vt_std,ax_mean,ax_std,ay_mean,ay_std,at_mean,at_std,jitter_x_mean,jitter_y_mean,jitter_ratio,straightness,session_id,user_id
4.78971263860532,848.2803193363577,4.615952806686352,590.806275862415,492.7738827364248,908.7624146180033,69.15309656013575,23025.84278334237,57.752205832340344,17851.351602508712,-135.86221463542327,27467.982553882866,89.04049384354796,67.0233980726549,0.7527294063569062,2250.343681603092,session_122839150245.csv,1
5.922047740635007,914.5196650654054,6.092246505458664,707.5962925669725,591.8863853866465,993.3679427321256,137.95035798445514,22852.97355687029,111.94235912845086,19448.092865565737,-236.9812284303797,28194.718735577968,93.59641054240653,75.06935693479814,0.8020538020601293,2045.892832352824,session_231028282710.csv,1
2.3271085097962394,730.5557936289425,1.6612511382700086,611.6593381237345,477.2882667869815,824.6463261860123,104.80285601806258,19571.522740634275,46.44247240214389,16948.766898010053,-223.6359446972311,24544.298898494097,84.61184377364629,67.52763288486724,0.7980872401910712,1521.257744747148,session_296616657157.csv,1
1.8600906898667688,669.0007958738971,3.263989051177607,648.1553814637577,499.8494000169006,786.0222867243458,48.17281466488341,17720.755023937956,79.13000563098609,18398.71957875376,-289.5066747505174,23932.925039058424,82.89276105470208,74.24456853656005,0.8956701115007554,4108.380166489825,session_320846578851.csv,1
5.069377044619842,666.3967844118092,1.4570772726243164,578.78297283535,460.17313305964933,753.2211811328298,80.06810961567562,17651.41536220634,108.88824160219067,16383.595860627995,-288.63250648966255,22847.522520105682,79.87596967766571,66.01538070974865,0.8264736062180752,2470.268847571084,session_359840453196.csv,1
4.516553920796812,694.8726910793165,1.038676757948084,636.8974273157695,473.84223306038194,814.8497027666674,76.85739407065526,18705.924004699387,75.0566458356997,17635.18905214319,-237.19794488106902,24128.1120523552,76.20789468449995,68.74580751983993,0.9020824916415391,624.5431216760098,session_411580470436.csv,1
1.7696702359791139,801.90357414534,1.9046368035910957,642.7292766312253,575.0957987971901,851.7158125608189,79.12959092717763,18073.141457400343,45.01943711774436,17544.149457427382,7.783504637795129,23002.821793031682,89.19060181231671,80.72214743142047,0.9050521668324778,2006.7716990345411,session_515566219016.csv,1
4.761803170119371,672.4276764960471,2.732107831864705,562.9983725079472,444.34152123946495,756.1189569679295,71.75678079819333,17824.816497928758,50.13685614142899,15927.007933403513,-150.60757527132927,22572.03334621185,77.32106921290914,61.063283881846466,0.7897366720786716,2498.392148669446,session_632092628639.csv,1
4.176813167554665,719.6409190470735,-0.5236970618892142,573.2520315138901,429.8074397817892,813.50075964587,82.46393637418316,19586.973823281583,124.05626871300863,16865.100944899026,-288.9599517223586,24128.847181878275,80.89969083789225,62.34883331920825,0.7706930975059781,3029.8976438169416,session_925043071260.csv,1
1.871681564853471,803.939321145848,3.2098541883331113,615.4981737437422,518.1646072981741,869.8703640137898,108.4793324035736,19544.94642401053,62.412037088970514,16468.668301648195,-174.84498350060736,24123.603350536163,86.45614231015178,69.21488700978949,0.8005780174809182,1649.2352968464586,session_956704593939.csv,1
9.825460284329171,1090.6846595190873,-6.163060564333699,713.6841476061996,593.4273282923378,1160.5669937003458,13.443380212584344,52769.44116456389,0.5700964403542192,39081.814670620246,360.86607020315535,61026.80366765933,214.37733333109102,154.20042243170846,0.7192944330242442,9331.180136407456,session_143795894305.csv,10
0.8610212709685393,1380.111107018915,-0.4797960049110112,720.4009857756457,712.8515804335221,1384.0256221159657,-21.96188057775744,50684.07610237469,17.639435798706494,38360.814080725395,599.883595245593,55618.303156787006,156.89385270727783,120.4872898204525,0.767954178836904,4520.543783357818,session_165182884399.csv,10
7.290741201482903,1249.388320844213,-2.816336330559853,915.1898080338751,697.8354200445177,1382.6167174116997,31.049471328812288,63126.598436393,-5.375552097206762,59507.79753376959,520.5164953885892,76883.94850138159,252.05934716925077,194.68670783651572,0.7723844008280789,3557.1707521157455,session_37010613109.csv,10
10.505921478832878,1147.1413155214932,-5.895203564283657,781.4573296066288,669.4905785892499,1215.9503064767755,-20.576494967995174,50230.32453915053,16.058946844018678,34463.01112431756,336.70254811108805,44898.71399048952,146.63400285721895,128.5636861377635,0.8767658498885923,4828.737984215687,session_678584946341.csv,10
0.3362958337360854,1281.5376142809966,-0.48993804992126394,679.9405256398582,648.5895685985049,1297.685800768412,-5.8784631362067366,40459.21878272061,8.440475521798216,30447.897115700598,553.4119818573589,43849.064839110695,136.78938219457848,111.18586535495793,0.8128252615156807,2408.198908950011,session_75048677177.csv,10
1.5985427973149127,1771.9873596745206,0.4410214490160593,992.5894081211893,903.2392290884995,1819.1572508813117,-40.05510547079226,84255.8062380754,-7.9571354231184355,69998.18604464034,781.0108319906951,94343.9536089379,264.3408174870201,191.42493891244584,0.7241595934073743,17364.9444784463,session_815559789639.csv,10
0.6169852094713852,1472.0521234128294,-0.5432984559835017,742.9996152869716,719.6984764705506,1483.583448837686,-41.95444817768017,65152.35633988827,15.695256735114684,37112.42306055499,573.7888291724074,62313.880273161514,183.1008373030561,133.5334827960075,0.7292893072625277,11396.528180648087,session_836326465893.csv,10
0.4472742153707793,1560.5521629837447,-0.5336617012127731,817.1314997584822,789.183180011278,1574.870289235977,-26.955568868944546,61611.446200191174,7.241762429520733,47933.48027634744,533.1010490444802,67468.46616616342,189.2938102785473,143.52740132191863,0.7582255389684488,5818.553404360932,session_838251991518.csv,10
1.5129281369245013,1497.0478371768045,-0.500440551694883,848.2381102652444,786.9529790699964,1530.1523831684003,-14.712587547479806,52324.10633019483,37.95744702566461,41314.89304328749,783.6941803864969,60493.10602831291,177.43745140267617,141.3956100167947,0.7968757942528837,3398.303593446957,session_848510543322.csv,10
0.8109445921879743,1660.5111542565508,-0.19441696196490932,893.13780467379,840.2083702459778,1687.9105043190511,-2.4556783766606416,70575.7768790439,25.61667697688701,60494.97529768622,807.7657814491297,75888.25858356616,185.82790208306415,144.26465630909505,0.7763347414024608,16268.267308420038,session_891882207685.csv,10
1.360628853936017,1595.1333173491655,1.4886961868343145,1139.2366918605853,957.1585772940471,1710.6024015922283,11.074242671896533,67921.78203061446,-16.935955369711987,58221.66327877932,413.0532112598276,76452.79619166725,285.0640984650618,226.7240301186281,0.7953440343394783,7022.757352267604,session_192435781543.csv,11
-0.09531603198908464,1574.5252382173917,1.3649278317857207,1097.455501727554,991.6883569720541,1643.1958148633125,-1.8538623380878463,56514.96538464895,-11.268689947414158,55831.01449931529,403.686236155558,68457.61363217929,221.26224039627806,190.34553482439728,0.8602712079720636,5519.845787451608,session_263295640992.csv,11
0.045519756934317396,1408.548731144581,-0.3119075291155307,970.4592253231376,874.7810346410669,1469.8835393174602,0.6501201099116082,42274.25181822918,-2.7092715810825134,35629.67927057366,326.2616363916474,47912.621100100834,181.58014402065638,146.558450041058,0.8071281737958361,5520.9738922159695,session_326144459225.csv,11
-0.7702067156871446,1313.339719564935,-0.4350227445437929,943.6592123910989,854.8221269299532,1372.8193375395267,-2.181123130251955,46705.70556826663,-26.03669263876822,39429.62821615882,572.9651375889817,56887.6781498001,189.0376104328815,157.05485565242753,0.8308127429917306,4766.3619953739535,session_348266869825.csv,11
0.5891897040901131,1562.4722231090177,-0.5956234374543457,1023.9556269983477,987.5331765483973,1585.7432650448827,17.413454407861654,58341.29869853401,-19.864417514479776,46490.83159260529,499.45943593996753,69803.48527304872,217.78367626431037,168.29798593675895,0.7727759436498307,4704.933758425386,session_502369252757.csv,11
-0.4049660716389131,1398.063065623948,0.8559509635266951,1031.1792666113222,916.7274997006933,1475.6426229778929,11.08908910385368,41332.32438223743,-1.458214812843647,36126.499468509086,338.57248602482446,49419.98360374138,177.63501447934811,151.46921717398456,0.8526991011195552,5770.108728975778,session_835059643683.csv,11
-1.3323207953656127,1516.5564206998974,-0.26402980762455736,998.0066026374657,957.5733094766701,1542.4053543410487,3.375011001608703,48171.49224053604,-10.6544516632401,38174.227382952406,465.93406228922635,56076.5927239986,197.55925062709153,158.0550020344154,0.800038477229682,9957.84726691327,session_840446959017.csv,11
-1.5313263907836063,1296.4682922516345,0.34799276311578425,851.8782486917718,732.4533899368303,1367.4941989273757,1.9991004618880293,41871.15525174878,-9.172977355961333,33645.66729514231,295.61854941833695,48622.31208719376,158.4349863521002,121.42696634946621,0.7664151027825046,6037.333455238705,session_863065563839.csv,11
-0.9558904184579109,1348.663493213616,1.9901048201476434,1048.4877324678603,906.5812405452986,1447.8720880136248,-3.185549925788236,48722.22151781763,-33.41969749031789,49499.84540945474,633.3849195403444,64052.842851988506,191.00299175498702,165.49331608074812,0.866443580595593,6220.602881814957,session_961938096102.csv,11
1.3755887703322367,1373.7370197419082,0.29518393855474967,932.670752305873,808.5142105709227,1450.287444752204,16.913742401118657,43258.2264754578,-5.612774480794263,35351.2628253149,271.9134837319148,49476.32808211183,180.96201545530528,141.9048450361904,0.7841692339636891,5165.048842019019,session_998599678338.csv,11
-0.2870541243759171,1302.3207743971016,1.9556618676961648,654.053916304438,738.1990073521208,1256.538464585268,1.0349859972424218,53847.544677225414,-2.160245517554091,32322.758339879067,437.3982816579393,60700.52707694721,218.2995151414534,132.28641211051587,0.6059858265133412,1440.2840765478988,session_162801750952.csv,12
-11.254237997202903,870.1348940754395,8.92344711126779,695.644066573955,579.8987716871536,951.2970693594657,40.361358559533,31673.750621891093,15.054192998523256,25900.909035104614,492.90931972893924,39455.98052345543,134.7044324146016,119.57389139325119,0.887675997365332,197.2106652258244,session_19930294172.csv,12
-10.956115145256435,1081.6385988080785,6.321289117897176,821.8223248228179,758.135787703511,1127.2537101509909,150.9333818159545,35011.16710707517,4.958238039195968,29981.788593446327,584.2818748556807,43582.05614278412,155.63582977507048,134.35281203282287,0.8632511692642191,245.17672621043093,session_328619621003.csv,12
5.232231232213058,777.5132924840525,6.083404628709928,456.44152280720886,512.8080772837579,741.5836162482922,50.05730218065893,25036.520027438284,1.6492066533229663,16071.18825910091,400.97948741359585,28016.346602709895,120.53660047070252,88.83234245549865,0.7369740154320714,172.18110039164515,session_368406584311.csv,12
2.634387757319598,1257.8157971946166,8.997994219601706,888.6672650655443,781.3405086835425,1327.165911984982,88.93368160824545,57386.48774321659,2.8624535324691145,39162.43160581399,1779.2200599805567,61862.420294858195,184.4703785326067,144.3589274912479,0.7825588511255371,2390.313664466067,session_476959630464.csv,12
-0.4189682859458678,1602.600681732989,2.5966076546382557,765.102695214205,755.4198904619442,1607.18862082211,-27.778357848841033,97742.24234527984,48.301080113438466,49961.71768924128,566.7547530722702,82013.03404635412,261.4547103278324,149.3938012623474,0.5713945680112958,25687.666030715285,session_610789290586.csv,12
-0.14443580394064723,1322.354769082428,0.8318419236570556,679.1236223579575,744.3232210227353,1286.7834439344022,-25.97124372701982,47227.339991720175,-0.22368877541142218,26715.125076157074,331.6088028633387,51717.47134942022,160.88142847007012,108.53515373046685,0.6746282324972701,1999.6097797083648,session_727994400157.csv,12
3.763105975772335,1005.4429530300717,-1.3223278744721365,622.5560777185327,623.2899300615619,1004.9949927426433,-32.09907894114062,36661.03459242477,45.84688349631397,26378.122709861942,645.0060996191262,42055.65119666539,149.5024124677061,108.84396865764411,0.728041553717955,765.1661154838438,session_84199285444.csv,12
-0.2935344796280014,1197.7136776079642,1.451920093344385,703.8335448874184,698.9810686992082,1200.5518342784683,-40.23485781763804,45969.75333468193,-9.765828767703235,29867.525994098927,294.8183746513761,51432.77386954876,174.98626186551942,117.37913239939321,0.6707905589156161,2557.274211692649,session_877660619519.csv,12
1.8179097248088028,1431.7587573480746,1.5274729810464893,691.4647586011347,801.5748658555294,1373.147293581874,-32.97319554393284,48419.830152440205,7.383808176401673,26583.709747708363,317.2144388090664,51782.50148217251,169.74806028656107,111.13437241543424,0.6547018695103597,1149.1145984030188,session_878331618.csv,12
0.2779507660536769,1675.851954735613,-2.5022947977683465,1014.2950950594283,855.1480863281105,1762.3840421836117,-38.11340320891849,76377.07089958718,22.87917224968357,85443.03206052897,552.9015072779349,87454.80454952626,217.1425959556688,159.50022420052042,0.7345413897189019,732.83731564996,session_243953415723.csv,13
-0.13663386912104922,1601.5899397092503,-0.60424644324251,833.0260191265806,855.5928349324054,1589.6485937585205,-23.236840937700094,61958.87143060695,19.254954709833758,46556.48385073274,530.0250846475001,68049.57490665925,205.43403982873662,148.1796001991642,0.7213001327463764,4921.0480815671,session_311710340219.csv,13
-2.976314164813717,1572.6703596018103,1.4765808879206377,842.5013675482867,862.1043310180031,1562.0135742942657,-6.796657164757956,60558.61065678982,45.218981903857966,42197.43409594577,535.0058891579781,65963.47508318211,216.42235049511712,156.86808504148334,0.7248238672324654,1981.6897839780072,session_331829749314.csv,13
1.230333681080128,1458.6064048077767,0.37273422552650987,752.5040819537573,715.4991108165888,1477.1109684781695,17.40251975511219,67959.13417724597,20.715887576787214,45578.84447952233,612.1024050987527,71091.12173598478,181.4483473943956,129.79722940517547,0.715339826837756,9760.134669950412,session_3621068641.csv,13
-0.03169832338668041,1588.3977691435896,-0.19733271305614752,907.2128887525987,792.9877374016913,1648.396823909898,-64.48189524267183,76216.74259055722,24.584082114987304,64974.60708204374,596.3810601917846,82003.35450016637,202.59462464773154,151.95255332596517,0.7500325025409879,5930.80959859388,session_419638565154.csv,13
-0.9462253889142066,1587.6707357420037,-0.9448317440560086,931.7954946723439,836.5692624405486,1639.8456033999046,-40.279410479687506,69700.59802662773,9.271635308194826,66869.28800700739,538.308481925063,80190.6200435725,204.62100741203756,158.4327396533246,0.7742740672477347,6554.834031078736,session_678337146652.csv,13
-2.5197183875956557,1602.4833233712695,0.41339763919729633,873.2851118841404,851.9372727152099,1613.9354925749847,-5.270666043622553,60074.08174112675,16.883384316452947,55506.71363487186,477.58777613207405,68743.07268642701,208.59227469751488,154.02988010733807,0.7384256216133939,6449.250508261288,session_713938891369.csv,13
-0.6592432159256221,1572.3513834147004,-0.06170297679512406,830.4124798152947,800.9197032030303,1587.5769674053506,-3.8719271274365794,64498.78433914119,35.2858911198936,45551.173327958226,524.0530076656175,65189.44697841924,191.05842648272642,143.2172690065423,0.7495993327434611,3237.6676859239406,session_810384639348.csv,13
0.9556811316259869,1521.7960723598753,-0.4692385376007249,846.3617257935964,815.1545169853591,1538.7379609015902,-5.051911064341891,63506.68708980926,0.33126995502058504,56529.00292529687,528.2328902583369,69376.33490043318,183.28671440817072,140.87239464630196,0.7685903209138718,2701.160488894294,session_879498910304.csv,13
-2.13814428720245,1583.2521756708825,0.19412876716923338,868.4701373600359,836.5891348446416,1600.327999884698,-39.685750756781665,68432.66552549596,58.758878480515044,55243.11876090685,570.3515408513263,74038.30644308335,194.67315616395905,147.68460747372865,0.7586285155271679,2415.3153789591556,session_965112734467.csv,13
-0.13386000575424392,1243.359080590225,0.5192535042456228,903.4393589710836,792.1029263454312,1317.0862844047717,-8.3994614431004,34984.36223783417,-24.94263393313991,34351.248699817384,456.77985956503113,42692.812856372366,144.33280999826601,126.98181022327026,0.8797847850721386,8972.01362310415,session_25451053725.csv,14
0.15107715106635924,1343.9183164997444,0.560759453062134,1043.8805289830539,897.4171773782138,1445.836738238704,30.48389186260821,47005.619970251886,-13.83326141930716,39364.17837520114,574.6709859128339,56169.38477887253,162.8503802327515,141.23635939957478,0.8672768169016744,7680.425165634844,session_25508467784.csv,14
-1.0500530291277992,1321.5369447013998,0.21757012892140534,926.046249223044,846.2856730042886,1373.9801220677252,3.632000604884353,49757.037199519575,-8.307226913515377,42185.74658588917,679.9564643223314,55983.397315491806,161.84812622308607,139.85313836636328,0.8641010657949044,5051.541615878158,session_393122823908.csv,14
0.5001178708518231,1247.6738959248423,0.3973492148641659,827.8150466756497,753.8388106689007,1293.7133156072564,-0.7211057244016107,38017.89311629635,-22.53980371389397,38668.62789575853,618.6871172954269,48893.024714528234,143.0044943349741,120.39456515389318,0.8418935762382156,3972.343696317038,session_417154656682.csv,14
0.25904700150056725,1335.6480079582425,1.283014327692821,1013.1151134028552,886.0576240404932,1423.1161798463472,-1.674429229016948,45467.81841687087,-13.494415160956944,39625.47803290759,554.7043023976723,55910.47473486008,189.67646044971715,160.90566999397157,0.8483164943735467,5292.953664685216,session_432645020520.csv,14
0.9961155982535032,1222.6450918769376,-0.37259806903542425,895.7528491866796,776.1941967719079,1301.8280740258544,-1.2979610622778766,38000.82026002808,-9.853510069432723,36287.7912445944,520.363029023497,45804.78609346882,146.2681979077116,130.53473897084976,0.8924341780235909,4174.604046475186,session_525297035872.csv,14
0.8354126129827835,1406.2460170730758,0.7588618543662139,850.3617317813471,808.9922188709317,1430.4454092329033,2.446739787306723,47091.68915860641,-38.77261611005845,40519.7015161454,486.2844397736554,54816.68125388198,158.74051336105057,126.4716812886211,0.7967196187710781,57646.66026285032,session_683715268593.csv,14
0.729999243832734,1310.7401203963752,0.6622531707035889,873.6174198202743,727.866404443494,1396.94568532765,24.987411393758777,52253.09105031704,34.46260269497286,42464.707838500835,559.2562988529103,58407.798495311035,149.42810442645586,131.52408726287592,0.8801830670850825,9028.647168688887,session_68574297479.csv,14
-0.11970204581734456,1211.8660443901622,0.6223518388799651,828.3783566686368,740.7789293325924,1267.3103976394107,-30.059929595424617,37771.93788654891,11.450384355647746,36584.99501048575,539.2827481202007,46839.3005670446,140.3897397054642,123.83344776644044,0.8820690744647948,4727.285619176592,session_7998888785.csv,14
0.4624216010614306,1052.6449342562764,0.0712564502144662,715.0897804805463,633.122473833457,1103.888612754808,16.799962396769946,28677.116808905503,-16.324110208167827,25601.988241127947,380.9248842265118,33847.15996336054,118.90206869579437,105.3573693297186,0.8860852505365748,12054.390559614943,session_973132681652.csv,14
2.481449206725208,1915.8796224285068,-0.38793432327792277,976.3486536366565,1264.5981329372846,1739.149778791316,9.390035925201861,65948.33659592275,-23.47805372275267,47809.11853479986,369.08424807967884,71093.46158124701,281.03185826205106,196.71816080733308,0.6999852686588693,8370.29189523836,session_179175087332.csv,15
0.15670667488071183,1714.050013656452,0.08457236595113246,925.0510703256199,1188.1937284842243,1543.3335616634695,-9.04378319103441,70315.82319875,-19.75424952173927,46677.62554278793,289.4150028401688,77428.49858313447,286.3428914764019,201.29107596680376,0.7029721426952981,2972.7433500224543,session_290715328605.csv,15
3.7755690735623357,1539.4734293074898,1.0422415573428139,915.4636597044915,1038.6756066327428,1459.183433641263,91.59952136513294,62362.89556930531,-46.74870163230007,47959.837643711166,412.70771740897646,70609.69295243635,304.8646650715208,218.4145760826525,0.716431259855389,4101.747442121105,session_303701876438.csv,15
3.0902831361556617,1410.019990916909,2.097037577596341,806.3690662077237,940.8281153766968,1324.099839866243,-36.94055737413839,52987.60095770214,19.33168327692954,38558.73361303156,385.3554979580153,59708.95386318319,198.4855736819632,143.3984570506202,0.722462869167095,3167.182103016215,session_354753884226.csv,15
-5.012185040046849,1494.2735471000499,4.048703600997144,981.9023701229521,1047.605748935747,1448.9809478153538,27.525644199692252,73043.70205865023,4.988226692744115,54567.39570211106,98.05138723730342,70070.9629100998,300.7896470405608,232.0349515434943,0.7714193418104174,25037.68400676665,session_47761132107.csv,15
0.11652928830821822,1739.0799752239295,-0.4325232862145795,1020.5032179007858,1217.8271976954986,1607.0840791361343,-5.267475672349382,58879.99367401612,-28.935044237961264,52785.47061163116,407.8272484689492,69395.5305911657,295.111936503646,216.62756230129702,0.7340521866642533,16277.555845280689,session_62917959221.csv,15
0.9594013120514097,1652.440686554768,0.9275691305263006,1003.4494653693746,1167.1388875444159,1541.1856016141621,-39.144880703077625,57884.08911339901,-24.814826142098852,46925.61046939479,330.3518466556617,66082.62123388042,267.66147057677097,206.56975424557635,0.7717575256549695,3043.333877399088,session_721525013339.csv,15
-2.9042749507728427,1503.12703530225,0.16765593177507104,841.5622481922314,934.5568891980528,1447.1444227714715,-38.080519682832,57182.86361160305,2.444427157714338,39153.88328549161,136.99275306963432,63322.24256093811,221.59312126124368,163.1791794317718,0.7363909967192558,6440.843202280747,session_740561165993.csv,15
-0.6349657421799489,1766.900725728534,1.5931491919196863,917.2319210326734,1155.431684052921,1621.1812789921923,-0.18014901163318683,58976.40051706061,-35.60772253851729,42598.94897120912,247.133985091356,65971.43169226554,284.88669738280015,199.85463505508366,0.7015232262195462,10801.110295606595,session_968934697029.csv,15
6.017721084052787,1477.9458334533458,3.5688665705156515,949.7642711340317,967.5479767072582,1466.3802320134307,28.22381905112372,55549.784018151666,17.687840278905,48674.50549337052,291.7853506165621,65175.64561246139,334.34669633131466,235.49016340454952,0.7043292665620494,5951.033384406872,session_991657088128.csv,15
-0.8710678085051139,1127.6512730934144,2.399151115808121,445.6023504142613,694.5652099617391,993.8529093772148,61.91294117229985,47725.055713293295,-110.26159361194796,24853.044344909296,921.1083028895264,50043.17409758156,218.56635134345396,132.73656014730966,0.6073055588445425,1367.1792474317404,session_116926123868.csv,16
-1.6673515891029527,1216.2149926388217,1.3670264354912793,598.0308651703829,676.821226486111,1174.1958921076305,41.623568380286436,89418.88685655472,-142.74028194886313,62095.84341792875,636.3406419180529,58288.395146925664,211.5307264167582,138.84057850631655,0.6563612807375652,851.3029890490549,session_145781277130.csv,16
2.728277653310726,1215.8289044988612,0.9322058575254932,497.25824640511667,649.2677737920361,1141.9126179392504,45.24502685819083,67525.38462897894,-100.36499327801799,32014.141858508647,686.3454208317011,61090.162176736856,186.91085936114092,124.94332228986364,0.6684647575686699,3473.204760320902,session_20381452416.csv,16
-0.6282620625304189,1315.1828293838914,1.6881319981465006,636.6556191763596,756.0717918663283,1250.3573703571737,78.3471096837109,79721.54563555538,-86.1517373140155,65521.14509132211,1009.6423344623646,64590.57920276852,240.51970187107736,146.3977160739376,0.6086724494293129,9471.784236538533,session_349267418298.csv,16
0.590059785597141,1082.3822530645082,2.060434511605232,447.66322907840737,645.2916065609076,977.5255040397154,69.21476522686828,53230.04692973363,-103.18941409483563,24665.749207908677,939.3323396043564,55740.272434354876,227.60229022771213,134.7003167588328,0.5918232045205182,2445.8226626057385,session_383050457537.csv,16
0.2310851403946269,1325.0600487307688,1.3272934354321249,581.593891956316,740.733926878205,1243.1208611417148,88.27642457968282,62127.56211615866,-125.76412056541334,32370.170751919286,894.9264196719911,64646.02147948602,238.82092037401122,150.44252200181333,0.6299386241630182,5075.3234740288835,session_49102978598.csv,16
1.5831367785360344,1246.1238004799593,1.802817904410325,579.1704863467585,537.2040924784179,1264.7845274886588,24.406566960496974,109324.92978157976,-40.11988209356857,52047.81189753895,428.46659627892666,118531.31426986784,350.5392527999753,185.3187463296465,0.5286676024135312,3151.3825836803467,session_826359005728.csv,16
0.03072648749999741,1170.6263179076172,1.8490082308661477,488.9930364491137,702.7378721443336,1056.239507176884,51.53061822536817,43727.608225824886,-97.62735349980514,23766.526150674345,777.1380598642539,43821.67406644801,185.24940299850445,125.7428626813477,0.67877607509642,4705.280685759735,session_870962751036.csv,16
0.33955152644348274,1530.7777861232964,0.8754429419880316,583.4675744169691,577.9453036976363,1532.871202787564,50.1233106691329,154237.67674044028,-82.8072032082053,52739.7989326112,601.6597166740745,117371.84181097499,317.8403798637631,165.7436448413044,0.5214681813314452,6804.5348714361835,session_890951852058.csv,16
-1.469697918117119,1232.1299957503625,3.606892794628866,516.6759438692337,729.3054198168571,1119.4757555471888,62.45404497244785,62481.42822583022,-156.24124177288456,30474.15822611014,1244.101627897064,66921.04568041982,294.1746222432571,166.0745060107494,0.5645439594492404,4429.7937849009,session_908665862816.csv,16
-0.40689315366330814,971.4432777618475,1.4514247354776924,699.8979140695249,699.2288998820004,971.9256782598626,7.6698738453431,20367.11247019946,-5.173643457494567,20661.15076535997,298.0589692374509,25910.235591521905,96.35276957235394,89.22642318972201,0.9260390083818695,3606.473627398184,session_144762174096.csv,17
-2.568552594210073,1101.1916327951037,-0.5887808078528096,719.3256968820842,768.5253715738709,1067.439440133706,33.10327024111632,23169.808412218812,8.71759097287107,21533.2346762668,282.59223141021704,28131.772675784337,106.43116371178394,93.81221366026224,0.8814355719553907,5162.443447447965,session_187044653859.csv,17
-1.6595292590148125,1253.8413409543243,-1.1924092775856716,855.0982535047359,908.1617072279031,1215.958849512292,-20.20312033058344,27968.493562517648,26.084356867592177,28582.467023689333,213.03037104917328,35618.02941683365,125.26797903884906,110.06440464750705,0.8786315983694857,110776.56869381877,session_195587250026.csv,17
-2.437666668262674,1074.332101458707,1.136317825930769,725.1005471188093,764.219088048143,1046.8694309887314,9.131958131065735,23551.9929544605,37.29744399663726,21747.493902345923,312.8675187022544,28395.157678855583,106.15660002588886,93.84204109639452,0.8839962948457323,2939.073627072033,session_240929709168.csv,17
-0.09159651310757491,1108.1616168073135,-1.623710597441165,789.8198032229958,797.8667155371884,1102.3826612994644,17.525567347840774,22802.890243381873,21.22554954088642,23137.50367110163,108.20259610674302,28786.450555020314,109.62928136119473,99.16722244243064,0.9045687539957022,10293.2584729743,session_360446496644.csv,17
-1.6912020212369956,1008.1540992613772,0.11026034527554529,703.3516908172825,690.281783952226,1017.148639863888,0.8002920085725506,20437.60471398574,3.083609153122564,20941.40723108273,127.2157170771961,25705.4075571377,96.8987997876551,86.90165068262169,0.8968289687072396,6657.749550080913,session_456696204498.csv,17
-1.4750484459941349,937.148683529805,1.5443015293227245,636.7024365231023,646.4290938369523,930.4681248869589,11.38489744253221,18997.15108820139,22.626548473809056,18489.391452232736,262.08174083139363,23133.79181467338,93.18369728955628,82.9055514584239,0.8897001714872577,239311.67526791396,session_565319988023.csv,17
-4.864464414132669,1078.6865552217434,-0.6936405214983893,696.942863396392,761.5253807290344,1034.1161205173328,15.093485619583817,22963.129881993063,14.538515604691542,21271.754152089266,166.4899338247098,27903.46532083208,105.64807366604099,92.75232995943657,0.8779367833297527,77964.14118530568,session_831172270348.csv,17
-0.8886150554677663,992.1774893128213,-0.5623946124201932,649.1130391192333,689.5948569997485,964.4807131400664,3.2755664114894754,20446.85559846428,11.721704002794668,19795.38036305623,199.80948148965012,25411.250921097242,96.72026358734988,85.11689726835876,0.8800316925459999,6575.4000815714,session_910025003601.csv,17
-3.295424054589407,917.5906154978869,3.5935292593807473,727.2151397305759,657.5868484097401,968.7191680218028,7.109192812998816,19954.571497684108,15.422210065600176,21846.816191155856,272.13768188382994,26313.33072056486,93.30295001858529,87.03086798082724,0.9327772376264418,2371.1608176366403,session_939712946761.csv,17
0.8048770683684556,2261.2262721563156,-1.0969789804889587,1213.9692136303909,1017.1850321129091,2356.3015356623664,2.7041927048950503,213318.3778545275,-384.14522450168766,110426.27738075513,1833.5876667768252,184957.90666291214,285.1393527158477,203.3237270899095,0.7130679267987893,519.9584568247445,session_1693519879.csv,18
3.566559753304659,2335.023041376175,-4.475919034692222,1197.5460249566395,1158.9637453726477,2354.3979795346168,-533.4178986070295,175868.18385740247,-317.63797162331116,83684.4185600866,2102.3197967279084,165717.36488528407,386.8618158710246,267.87331720658545,0.692426355398751,198.95890391576066,session_211763942788.csv,18
-32.267499486942995,2323.3013389327157,-8.497836597961477,1251.2505736069677,1283.474550548206,2305.8638575768073,-172.97230306884788,109856.02293688516,-111.32954114379757,71076.7335720774,693.9389810685333,117520.83335363654,413.5023387498078,296.03565535930267,0.7159225658898857,54.38842823602458,session_31216734153.csv,18
22.988402175389908,1949.6015668434186,-4.626336549902035,1252.755628668458,1104.0686968570303,2037.5975551463657,-45.27320126460993,115159.2920742672,-297.88469198289766,76084.20561685253,590.8510384611054,130595.54239696011,436.69451995150285,325.35477844843996,0.7450397556729078,272.5920886666085,session_476282541783.csv,18
-18.465900183557263,2145.300893549305,-3.8348575721419786,1343.8775819216585,1242.832555129988,2205.340184691919,493.99221393640676,83720.1101430126,90.96015628153664,60373.62504620424,1198.9106472033423,97518.98800298222,345.7916445868907,308.3125120660398,0.8916135392290478,49.46444725762666,session_517294280780.csv,18
14.799494815871574,1399.9812399258496,-13.509834094133634,851.3956151053399,855.350954971203,1397.6219908172366,229.28014840746619,55012.52203415322,28.75578916551354,35772.49210365647,652.2805117346297,64023.66283267495,261.44550655628285,222.05342518351844,0.8493296676171056,45.8078380967205,session_553688924122.csv,18
7.027645364548014,1565.9593297075248,3.7172028558254713,1434.3156434020666,870.4654878766487,1936.9407274727967,100.05306475221343,67751.64802440013,138.53308691398888,124199.32920264386,1326.5239914959172,98550.32061561412,316.4059749052087,288.9510279122331,0.9132287340613839,323.97007230019824,session_605153884142.csv,18
-38.786863728156284,2129.8092301494517,47.36086007102357,2347.9185871962063,1168.2533899193188,2947.410338088663,374.0793749796314,105707.86352254456,498.837262961748,199164.69715933618,939.9879452754528,141556.51384692354,602.593535932696,438.749498255689,0.7281018996934947,71.38600595346726,session_655541875924.csv,18
2.729901029996042,1804.0875806340414,-12.026380863538366,1374.4105188602239,1167.8534247989605,1944.1648787871165,155.86689746402814,67535.512923739,-97.37825116601888,56023.75566992558,628.6933403064437,84205.75031583231,381.91268308353386,313.7797184241277,0.8216006755539303,240.74316590744064,session_776243756083.csv,18
-108.10787449364409,2531.6629832885696,-13.939975598400665,1514.5697006078763,1345.8469636527216,2627.160227960328,-750.6476199412155,123935.76484061583,-17.659845347687966,65879.140472998,2107.4498643065112,137426.58259963608,520.3280362561933,403.4511445553802,0.7753784467548004,11.789957423196936,session_939005589986.csv,18
1.334693074231692,1865.3801888954617,0.6737569754119545,1033.3160862217487,1027.8453453082975,1868.3999978118045,26.969016111270555,61843.32432584934,0.25049014443038625,34810.418584587285,852.4434338715373,62239.95349514263,234.8262281511941,165.60964750430608,0.7052433998028829,4386.694278530195,session_177211989340.csv,19
-0.04354099201773164,1692.574466106275,1.406346812798661,1009.8141996102302,966.395933498251,1717.734342643222,2.4409625147200225,57432.0999279725,34.70051878801782,47219.43729233004,603.2707403395414,56833.61520829786,189.53562297268704,151.1916734571254,0.7976952885465391,4094.000166521777,session_204510542677.csv,19
1.1417682497160075,1595.2011278745501,-0.7468624143418364,908.9403297175056,923.6909400278126,1586.705317371987,30.36226166572635,52493.731627194546,8.189822954951836,29780.44615679313,654.620504337649,52751.7988291821,207.1508918886884,147.05432318242637,0.7098898867467797,4580.781521218314,session_270940736454.csv,19
1.8028754132756886,1606.223560945046,1.150089061824763,929.2192228993996,885.9206487560685,1630.5058807610485,19.482414866837946,61858.022178581734,8.423925170253806,43129.38620347104,707.1334342586285,64038.05237967072,232.5196736513374,176.02474126299785,0.75703160295533,4479.754847233871,session_448726744058.csv,19
7.082681656747458,1826.2247511940277,1.0074122980065803,1005.0548432488712,939.2034005387168,1860.9616110121635,-2.739387129595616,67345.08108303971,33.37403981890877,38685.686231996806,1082.8208565491798,67983.61663913167,271.3665233094732,184.74851435860666,0.680808052907273,7362.931072466212,session_519624060724.csv,19
-0.7492891090680022,1812.5329701211135,0.05723920517271134,982.0816228688584,1026.5392429636245,1787.7289687809412,4.834948152894481,57876.99364770385,25.453593100724486,32690.6957218304,556.9110950826175,57987.896906493,199.64177252721208,141.88088455831758,0.7106773435349434,4761.624540661767,session_558126439392.csv,19
3.0097412825057366,1948.9452653869216,1.201236437364746,1038.908666763887,1017.6644888692625,1960.1238681112995,-53.479928721717236,97901.21287760015,50.84816218336619,55448.522241087616,888.2645098796701,92057.81071760094,291.584756031051,191.6710140333034,0.6573423681066048,21702.170430967293,session_736334091859.csv,19
2.4480624877509998,1951.9491580169408,0.5030741739122032,1035.3202680715422,987.037867900489,1976.8038312417934,-38.7575493180579,101879.45223215522,5.928937642169502,47892.02775384137,1198.6045389006686,87848.17873289122,361.64270276264875,224.85846970211287,0.6217696858925106,6068.484528512601,session_878087198678.csv,19
2.416911024852745,1720.1655055509054,1.4284997039100265,953.8608275509258,956.300635748395,1718.8119864575292,13.759811993866416,56350.60810583703,16.82064082995687,31799.644729276984,894.2336943823747,58775.30138814526,216.37889997318794,149.21289139149775,0.6895907660586044,4747.353907228886,session_947579465480.csv,19
4.80575299320179,1728.0759158391718,-0.19259449073547966,903.3674423050658,905.0459732939585,1727.2034285343939,-0.1430733447502424,59081.297212724865,25.35549443806313,31766.51695781612,826.4559234326939,59020.06867969047,213.51813834673058,146.47431547324152,0.6860040866191627,4103.095408201741,session_994700994551.csv,19
-0.47856052775902186,882.569302858201,0.7185471520409707,622.1683057276158,419.2923962577699,995.0960370824747,-4.963212230849563,77778.70490842279,-0.6737397618232248,61936.56380891026,46.87855765552084,94692.42214094853,266.1920413057972,172.4686274617426,0.647910533371464,3078.4889965653974,session_12385422861.csv,2
-0.008371414809339473,855.4768781700926,-0.003848895691936099,628.4992930807449,431.0633947479288,970.0701711528123,-11.46955486645354,80451.56598908512,2.34290924885933,57632.80508280658,21.337164123511677,98650.62289650684,260.02359976048774,196.94478355977265,0.7574111878348972,3213.1270662010143,session_179603293265.csv,2
-1.0165832496978582,1173.1967243036788,0.17002130141338015,760.754788077889,625.2433190021499,1250.6835789815898,5.871041815673749,127621.59472421468,-3.1313268043591793,37793.1358157733,232.3073782356932,67987.24124557817,275.214421081068,126.11870425647413,0.4582561617266357,6043.026052190797,session_264446861066.csv,2
-0.0047925827401858615,858.1460200138935,-0.14002839664280753,690.4198135174253,493.39116796165723,984.7124610794906,9.481110184024942,29660.686126616674,-28.678840124082736,39098.779218248,153.02459999023966,39782.60907933211,107.22637733168291,89.47957017221617,0.8344921501483347,3993.118096244521,session_495349391736.csv,2
0.19467962964623237,839.7199129054173,-0.241843522366375,600.6666766530121,378.149626332952,960.693757455027,-1.4628586940324604,96878.10428632537,-0.23485240124377507,68859.81065240056,-5.6967948938226645,118681.73162831034,376.3140573888879,268.37142386424495,0.7131581151294465,7645.894483019836,session_574513880990.csv,2
-0.14407956712943487,955.2034159493612,0.46034152846012594,692.9099060931705,558.7824117613102,1039.3742841649962,-20.249212992466592,27874.682193779594,-4.129448451921868,22790.999518634177,127.65495280510183,32185.62036270211,117.75508224148773,99.00713560085211,0.8407886412726364,2096.554590945694,session_576087576531.csv,2
-2.1224027599349258,1393.0587030072716,0.43699186338296675,548.1713337465812,585.9775624620174,1377.584440252724,38.61191917914901,208871.77444542217,-2.6061064298446768,50760.38202983868,360.96851520042696,103855.94833524287,563.6519132127113,149.72286174258255,0.2656300071602054,4979.388034135958,session_603699700465.csv,2
-2.196046303770775,1125.7093892925202,0.583248350475084,582.2588293462453,512.6538905487193,1159.0672377530916,33.97113202266499,143443.8110759175,0.23763883401186572,38075.05563180296,279.1692437809008,76804.22783363593,300.762017611642,117.41443840839307,0.39038984822865846,1461.1314201962423,session_604689317049.csv,2
0.14015293638871182,908.1904916136486,0.5061360594579261,711.1152482097201,540.4176372432404,1019.0402949525507,-2.824779050394343,25978.931495618097,15.629122885438095,32044.717099528272,164.14411762030466,34435.568401596625,113.88755206333249,95.042226712403,0.8345269082565483,1929.2781774760408,session_605996613612.csv,2
-0.3432680834838586,947.935205887231,0.283255774366108,738.8155620976647,535.1189672118979,1076.1395901713802,-8.319071581020971,30172.57758130551,-7.617312574739418,33284.56390675999,139.95833456420573,38389.51964906083,115.6341200188349,95.06886890243206,0.8221523966011475,1933.164028382601,session_921965795896.csv,2
-1.0277189420726585,1120.603498597254,-0.038651229036642934,730.585097556363,631.823116715265,1179.1126210379866,14.791662755795096,50053.60440415552,31.907870803125853,34961.33095032343,416.8909131585193,58561.15973145254,255.0197853968365,175.56531759597036,0.6884380257896625,4978.042708944417,session_220498523750.csv,3
-0.46129402711212997,697.7328366529089,0.5101904567322861,530.2756972959096,445.7714122520518,754.5272810034021,14.207647064339055,35066.003879277494,-0.934000506018574,30191.906753679566,191.44258999690098,43111.37094395641,161.75994331397774,111.07010991741065,0.6866354404053774,133473.2603643199,session_23882297290.csv,3
-0.637846798771077,963.3286249193192,0.691222602681063,632.7637689215645,561.58321591115,1006.4872373986635,19.171548245798576,50800.21646458173,6.3966858783378315,35782.643854956215,157.7066066891932,60016.662095889886,252.84745068069182,163.43118045201726,0.6463627772871697,3663.89712555774,session_389569687037.csv,3
-0.030585152946265824,1273.560363170993,-0.6581365777431442,821.9504636995534,699.6918258790027,1344.6150996715123,20.23679524267202,56811.41091328861,-66.5892376177468,74287.27720734407,200.42557785375968,71154.70153544252,244.50082493275636,177.40328993443097,0.7255733798982013,4479.832955765459,session_425564669830.csv,3
-0.06096671500780772,619.5598861757278,0.6042266679313778,493.8570124493159,414.1324236473103,675.4581356021778,18.34487863352143,30900.85485938986,0.013227056616749987,26680.865441910464,151.68373940096632,38703.725978115,150.78540820685762,102.49846133443229,0.6797637951395801,5639.925609417895,session_494949939872.csv,3
0.4419503987928488,899.6132602030714,-0.8275007795278562,872.806614380096,599.5827148669091,1100.725315882611,20.387248421246415,48205.66178134844,37.44745771759348,47663.326143916966,498.6836439230987,63871.38520318725,240.503137214147,209.05802307099933,0.8692527901819616,7524.3533908614745,session_544715697612.csv,3
-1.068049961996659,1128.946580595687,-0.2401008092256553,799.1892885820866,674.3514890955717,1207.673160011093,16.798885347874077,52646.14488112602,16.808154295924968,39914.59459806852,259.33648255510735,63708.79143353964,248.14757970612644,189.95043395362322,0.7654736515201928,2909.3064518809238,session_729158599348.csv,3
-0.6342808419169795,1040.4644599048354,0.21140390057133016,751.2380932901839,636.5385251305795,1114.335425822977,9.675973412626613,46278.35648707845,17.903187919032938,38439.21093372571,225.49514352185926,56701.27229512948,204.03013540401975,156.2014710800748,0.7655803921841676,4488.89066807858,session_861334174230.csv,3
0.39324786229147846,798.6499910045924,-0.37811104698761877,558.7210223969894,481.3184169601292,847.5514613229849,15.505018387823071,39075.80355806117,16.370801988534925,29081.430585653663,446.3783613586758,45490.65420569752,191.63405207683692,134.91336207797343,0.7040155996065284,8650.964308163917,session_90201814856.csv,3
-1.2294005007013422,1141.5263710470106,-0.2185581574934948,797.3262997142151,660.1787102165479,1225.959410625065,28.363133582490523,62436.54168288655,13.99429040751822,50723.03432333652,423.34034579418955,71669.82830348662,275.3470090760676,196.4783951438101,0.7135664767270432,3484.8627986925826,session_978566082922.csv,3
-1.0449352147820505,1244.4206772047894,0.37422081536605867,638.8984723056221,676.5491409720216,1224.3592623652037,27.580107427052766,58120.8912015645,46.535032320109096,41817.65070330164,699.2526742479528,63956.114208707826,222.94358884465237,145.96947727805895,0.6547372724842309,17509.84502581036,session_298741651301.csv,4
-0.8223673247785094,1137.5918954004862,0.4342665996327052,619.1750199229949,581.6201834442169,1157.242841988862,95.80037373339965,71979.03433630509,27.467185164861572,43544.0901378239,622.0598594427172,71724.3034849449,203.5166968761382,138.83346102582314,0.6821723384703419,5050.702262230588,session_329342635923.csv,4
-0.5092352103672014,1055.45624880197,0.34685461190307376,561.9804026222572,585.3932512599821,1042.6526156142093,15.482830194918403,42441.23085546818,14.408969386334112,30430.71528250269,519.7635010814827,46549.05499020745,156.38819460554942,117.23700825704097,0.7496538249109366,11687.623456264999,session_418043609669.csv,4
1.6326810273413321,1269.9916752172928,-0.29459467717497123,661.0317562840859,697.4086624648016,1250.385807910695,48.221656334450294,54934.71293489288,52.98327594815817,38018.76244863699,686.1627048922543,61904.0119356913,215.1675129236954,149.86276999644758,0.6964934806376816,32437.993845328947,session_588834543815.csv,4
-0.2395511055808122,1088.4478347067645,0.44530772013390635,589.7513315682793,608.9710186765516,1077.8121542248389,46.755934791582455,51448.860560750945,45.48117704414133,33846.43970348866,577.9578765614802,58101.63020283557,202.12036851420595,137.6915524022245,0.6812354114250428,21383.55118470439,session_694035540851.csv,4
-0.18345805376981586,1154.2937095538618,1.734734504543076,715.7227504688204,625.9759584528188,1205.325337350746,53.40531435888776,57410.23976155419,75.30157428127006,58708.18803439222,674.0686082504739,66384.10216812183,191.75118781682266,141.48028587786067,0.7378326438996619,5700.340135416683,session_724978859599.csv,4
-0.9829508955141274,1212.2123951139292,0.2656339218231869,540.6781618656516,660.5004743565958,1151.3172117713816,56.57543522623235,44877.641863216995,35.691764866034035,29119.929949519905,575.2909964307412,49407.34514995068,160.28436394833153,110.86397405650331,0.691670549300565,26503.967523195603,session_769597280252.csv,4
-0.9010707704990315,1255.46721597995,-0.04193991766197866,612.4103784936744,647.3228836974804,1237.8277304597063,51.23240910476788,70783.20520862997,28.04669683141636,36516.8041774943,667.1262360146877,71332.7441029182,236.62751034146063,148.8340272304625,0.6289802357115097,6330.34597355171,session_822187962577.csv,4
-0.7568057387885934,1266.3511762408546,0.09727086983894218,589.8409144393156,655.3223017172302,1233.738190682976,46.16287021983265,58591.79766224143,29.29530516729917,32928.220239595204,720.0675960055222,63175.83449418356,218.45395649567203,138.9927945286284,0.6362567048828821,7808.226416434983,session_862453037267.csv,4
1.0442026410775866,1127.2239926464079,0.6395587169470088,565.4330392029367,641.7730565412846,1085.5765214097482,56.15049540130075,41254.79485534636,1.414959751333599,28274.277394191773,583.5298021605731,45197.74923528246,149.8823121208096,110.5969305990481,0.7378918101412121,7465.341967537947,session_961188758828.csv,4
1.9558227381120887,1733.3505560047947,-0.6350728954082305,1097.1978584398248,899.5856746985189,1843.6638395088562,-88.7612452920205,136335.0442830266,83.8193420147829,81542.20656258994,963.0594537747232,116387.5551696006,456.22531671811737,294.933485611214,0.6464645314573292,26198.825927529433,session_362478440592.csv,5
4.15671464265421,2900.1760181619484,-1.5318114708375687,2072.5672074428453,1700.7265556880086,3132.7467167898185,-317.8236176017066,244098.77598972013,254.17269393617158,168015.65967452482,2987.513826436303,211534.96825732285,955.5283750496764,738.02024076469,0.7723687333997217,39594.60295166557,session_514105405688.csv,5
-0.5948813871939709,1192.9288180322496,1.1650419385697801,825.2189100494268,710.1053662037856,1264.8386864530696,-56.33911523061587,69002.33798748255,82.79249988126853,59022.59325391531,421.7394067651212,71012.21258866393,308.34665270336967,203.39722187683333,0.6596381705250294,6984.139922909836,session_562794867574.csv,5
0.7111984897278895,1834.7149415622237,0.23101170340214772,1379.9553349293037,1022.0708320091499,2055.6814918457417,-92.34100931616706,134400.9756895402,67.9627973675688,107867.90984272971,1335.528815397132,127089.60925037845,436.7096423516214,357.8134308537495,0.8193394332373597,13579.502718237394,session_570258542042.csv,5
2.412949479278565,2278.89870000153,-2.3948040007769356,1819.2924009440717,1400.4760567049739,2557.7101475229297,-133.73254554864016,171150.3879183309,130.62534040248434,133172.1485139673,1948.7047805754373,158368.70564249752,595.8752179229373,521.8079990470965,0.8757001186689605,365019.4314689818,session_600315593716.csv,5
0.8507962220353239,2019.177323628818,-0.8112991452227967,1402.2286451400776,1074.0515056711524,2211.2746489739307,-150.43380211458398,121680.90753143236,103.78285164511821,93102.35878956984,1786.9654413240544,110341.64235865964,482.02328186374655,375.043757870648,0.7780615003085759,12290.686442120821,session_637936445430.csv,5
1.9332619506302018,1770.4597999447083,-1.7662607043526815,1352.5230227124785,981.6519512704386,2000.052903465284,-17.423372141275,120200.47822066727,138.47260357537473,91054.73103697579,1520.2709406078625,111393.90340516013,429.30201002280177,344.632156064269,0.802773217963466,52502.79238610855,session_661189334980.csv,5
1.206645218805417,2035.2111259683093,0.4684774733879357,1400.7802747422231,1080.5276576446922,2221.8753411641396,-154.22876513209175,164690.7171776559,134.2457136318504,111755.04612285823,1390.3917644045393,142327.04280924986,506.66652336934874,385.88564191187237,0.7616166139133177,20534.529865284025,session_754803289595.csv,5
1.4117709960960603,1988.926765791933,0.12753346961145456,1355.2618270825697,1024.7460566519762,2177.719099306699,-24.277428922900725,148858.05023839005,29.38144404859972,102382.89508003573,1309.450498033139,130066.40347334952,449.59013405126007,348.5184396262907,0.7751914760355413,14938.263376834238,session_867824028125.csv,5
-0.5733918444398632,1958.753226454777,0.6956719690905386,1433.6653760038373,1052.310490685221,2187.4077634958867,-141.12057726694383,134544.98545520904,100.86652782852364,106342.10451308492,1640.5834710230054,126409.43361914677,446.3818319263706,377.05458173419197,0.8446906992314633,6652.901293439719,session_874554106173.csv,5
10.152046554717643,814.287130196891,0.17735232805908877,587.0789830572536,523.2597897755913,856.7446150276123,68.12782926468492,40334.34545039635,100.4212390628819,34618.90359408418,636.5971317943695,49763.2626318709,169.4785515268084,136.14631012705712,0.8033247210366968,87.88176816788412,session_10592333524.csv,6
-18.745387790839693,971.3541822079236,6.639432413471338,765.7093692073727,585.7063650499646,1089.5555980161926,399.9564404095635,56306.77061016354,246.70740991435483,53434.11858464169,1998.8960765635793,73779.90073817824,276.14059389127004,218.04694693828446,0.7896229375970024,41.32070660087944,session_122543677753.csv,6
1.0250982307987975,1140.479623618795,-0.670040255592337,812.354681565253,522.9210142025825,1298.909528122771,336.524381069709,127382.47332013566,-58.84180890964404,82752.51463713229,840.4887111597974,114923.99171255935,239.8383988529031,202.54214280915056,0.8444942251857201,796.6943078280557,session_147142151167.csv,6
1.070440426244659,1681.2401926949683,3.7782619549087837,1242.1507232924841,693.0804140665209,1972.0938750769765,-534.1020141798418,171832.82090417083,-304.0462509471467,130267.3705595332,1912.5778726809983,184497.54484049414,440.8086016372655,308.4089876763915,0.6996437604230475,805.5815013547643,session_28914800513.csv,6
5.670370323501548,1067.989380840484,-0.2327618636837889,740.0952447138823,471.95895223642015,1210.628447311902,142.6932122889469,84514.3265325239,-70.33088267959211,52619.73558325588,763.3303991567462,81332.017312158,243.43382908981818,167.70038629682765,0.6888951585890039,282.9809786883278,session_343229868981.csv,6
-1.743115164484044,638.5603548402892,11.295882768602542,466.3765646884145,349.00452863344367,709.6221554693246,22.232535771814817,30400.27194497111,57.53505713353357,21974.066858819857,423.08452026627236,35567.18442004705,112.40257160720972,100.61016968056559,0.895087792404411,44.97949760960777,session_469111975484.csv,6
0.5910677105258071,1208.577949094774,-0.07874520080841937,816.8739957808108,624.0837636023667,1318.4884825671727,-144.8632972254508,116394.12769633032,449.58206584359806,89515.98173513924,1802.1285862700167,122301.51241969668,406.6328702064988,249.29348278841496,0.6130677105905283,103.88824821754572,session_595952262379.csv,6
5.623851960236875,1235.8042211296965,-0.2777040318806796,1133.4650944535472,540.5895251919901,1587.3665602602678,37.1205773229804,105760.38663719561,-20.064729373583614,139049.67394784992,762.027199357491,141106.34629138795,284.6703409458507,234.965345876307,0.8253945426682825,4076.462251685513,session_659542591210.csv,6
2.675817061831513,845.6217760862191,-0.02469192162509424,943.3349426723112,520.4707262324871,1155.0181266803213,213.51352887980934,55825.366205817845,-204.18321039436745,87052.63730937414,687.6258527456941,82810.7373376866,177.50373033287423,193.29723657210883,1.0889756300304676,164.94763486113905,session_820181017672.csv,6
1.1056694117116803,801.2499647426317,3.667817007466873,615.418137207441,506.7167168224425,874.0632611060332,76.03129414533501,41229.12379658544,10.305470868694417,34881.51309719892,482.0598762098264,51032.846224136105,158.72160822167172,140.73270010674213,0.8866637736564841,2911.1104899180914,session_99873404024.csv,6
-2.881176841866174,1496.5057170313114,4.3599359971354,1113.4729220340364,812.827895002921,1678.8876025549303,-68.1453209963105,105872.15895618853,65.79533085122509,100103.90857957905,339.4153862756726,130018.79827088257,198.34731060980334,171.66281157891157,0.8654657885254965,1010.090441883079,session_255243815744.csv,7
3.0583936462023273,1232.1449142714018,-0.10381184516788189,853.4720927300125,724.0117160827402,1312.4022396773887,-94.04261781665194,49067.213932381695,0.599679689503157,35727.253429503995,224.78078605603264,54411.076553285166,160.29983902411593,131.31910431421932,0.8192092089024582,358.3825488909576,session_32549899897.csv,7
-0.012014430599286944,1346.8701349358341,-0.031230806365261182,834.9800081443424,771.0213333888945,1384.4750213957827,24.59137474707747,51000.89053117734,31.490262341183225,39339.23906646029,283.1229099539096,56645.951482939796,164.2452777907118,124.06024421628939,0.7553352271978048,685.5044065675798,session_328673152990.csv,7
1.1402137094947804,1139.1746859089296,0.4449179556510766,655.0782024464845,611.4504905809152,1163.1715701517069,-20.763002210498875,43389.64263643678,13.064679232866249,27971.501160301024,195.090047345206,46099.43673382974,168.766514002411,114.65615880956301,0.6793774196690293,322.5859203258313,session_358132383246.csv,7
-1.2303591280644826,1433.735200958012,4.957753346496656,981.5557337854005,923.2523247856444,1471.955095021709,8.869177752580962,38742.004238209855,-14.417591144415816,39626.849089447474,297.4265620047496,50647.1214968495,176.76337848719825,146.5063841161043,0.8288276981910699,319.0104446536786,session_525388573137.csv,7
1.6934059375954416,1408.0057087281943,1.0605925638954738,852.1319030223464,818.4968367285019,1427.8194980882752,-6.829548700045552,57385.34087183456,-29.477611618242832,33712.00218001243,145.0450208579873,54147.7557416759,171.13687716280361,133.48886827397865,0.7800122947604791,645.841776643482,session_840638006525.csv,7
-11.240494602225926,1283.597635808076,2.4052625988115834,957.1133298746444,756.8327931473152,1411.0248589382072,81.6153344208063,60231.09859612734,98.04761288910483,46077.43433018024,435.24234515731854,68029.78572152964,195.12140469925657,159.98110834073648,0.8199054767324768,76.53330208262436,session_863830303270.csv,7
0.9892286646111441,1411.0238578134235,1.0436112643876496,907.7349080209361,866.5284529836783,1436.6954012493954,14.154166636689032,55620.82066327683,-20.124499302463025,44266.54691905106,278.5307723927162,62487.63537130396,201.45111554842956,159.18371583102103,0.790185328076149,2419.2414752389577,session_875982496100.csv,7
0.35475446617397194,1439.8269666143428,-1.8728422052337528,946.2761894849579,817.8499404744326,1516.455615296668,-112.35775716830493,75908.38826516405,-46.40154676929036,91346.47545966059,356.459910010379,94077.24362013076,208.80210306003454,174.02232779278978,0.8334318727751117,142.78044655427166,session_978293310343.csv,7
4.303599466820261,1127.2765306870886,-0.9621452914206198,855.8238503530937,770.4284250136598,1187.281673585807,17.972275822322604,32396.819589274422,-17.842004653134076,27491.444344879288,185.21871053104667,38602.60538710909,149.09019313328912,133.56807209038456,0.8958877125531851,539.9206334150297,session_992531040773.csv,7
-0.35690444991629067,989.3452678698108,0.05390206857095663,636.4775254094661,591.8166313630554,1016.6907628782255,5.2183065695190365,30447.778181276048,-0.710942933524903,23405.33569803932,605.5299288686546,34679.318859963954,123.40053171946482,102.87128157989804,0.8336372635223263,1419.9667639606303,session_152525479055.csv,8
-0.11429273692337523,1035.289509232968,-0.5237503860297497,718.531901561396,649.3649852161977,1080.0171471847616,-12.395874740245382,32855.84288427579,7.69362592251965,26299.76819455148,729.4445450731141,38128.93541613431,131.42929190110678,109.63224689371344,0.834153827566249,1921.5701172875545,session_188343772164.csv,8
-0.03483971086672557,992.2236922493012,-0.5733403638831918,736.9392649273642,653.813379130366,1048.8636383157373,-3.986146504207462,30207.519172270913,26.10020398270877,25896.957255673722,506.1712629872072,36243.75346723086,128.64587937503663,110.94815429153282,0.8624306882617164,3022.4466912073494,session_26866698052.csv,8
-1.0152281689530616,1072.8077307752812,-0.33678097915321253,836.6148232248673,700.1346626386154,1166.469996416734,-0.8581300585860877,41522.01051698193,10.046147178584764,46163.299939582495,558.108635269657,44074.600725159275,130.54061799043765,113.319491890966,0.868078408355475,2909.483939166728,session_349456230840.csv,8
-0.29766161074841113,914.5141367331946,-0.2324701268652212,816.4435134413736,615.6369647577819,1060.1446524776109,35.17959571068307,33640.263225952185,43.665297102773415,30838.55727505486,604.9180935560372,42419.4607001584,121.77023836299651,110.85502000894228,0.910362182903781,2387.1692980395483,session_457459498921.csv,8
-0.3220682403683831,980.9529989962685,-0.08026252214729648,742.8105117561225,628.9749040161441,1057.556638979039,3.5098987027059056,32320.787111036352,44.89549018956562,29238.979979507327,523.9278614247696,40235.004193373374,127.83813450806923,112.71658528796436,0.8817133144317078,3252.782770389919,session_530057605231.csv,8
-0.6884514261489217,1116.5271681157785,-0.26355616146424515,741.9321840289508,709.6784270735159,1137.3004464100818,8.487107462884165,27587.237509010232,9.308094121210788,22747.1979914486,343.6888361892221,32057.726524122532,130.53843177570567,105.14808043982218,0.8054952017533782,3790.1272563101725,session_66265580702.csv,8
-0.8253541434898966,982.2392331601026,-0.4265774560199605,669.2033018774475,603.1197481265827,1024.1453757125037,19.746305758793596,29961.006121414175,22.653274241238492,27846.81314776568,419.97358649705785,36777.28254244685,125.91921610781483,98.41409559246877,0.7815653451028973,3593.7721504702454,session_711242142680.csv,8
-0.0615390077016239,1186.6750391048683,0.10013339071671339,915.0608291236456,754.847963869934,1294.502802782941,14.16501654122203,45221.369412120504,44.003433601931846,44361.879667147725,595.4049053289466,60254.676261400935,176.3813022311863,147.40788867931565,0.8357342122694036,4080.567537887209,session_738124106884.csv,8
-0.6024970281302895,1046.2010081529595,-0.16791097357462706,736.61819062264,665.5842581054235,1092.7670748912415,-2.1639993802915938,33678.294200579345,48.392335912138336,28489.804274290516,586.328671537262,40357.61954190525,131.75781228945303,111.97140665939143,0.8498274577701801,1917.0536920434636,session_901699091784.csv,8
-2.899661513911575,1475.5385331455384,2.185173997097664,1280.4012865766829,860.6591484803567,1753.8230575463595,-253.56382786511466,66104.62760984867,172.03786314817495,71259.67686241974,661.4832575021156,77568.62881278314,198.2941818001384,189.85746212218248,0.9574535187998856,178.18389529851456,session_126356533888.csv,9
12.295664925758205,1096.404528531618,0.8355410299768584,709.1900800450337,613.571189366464,1152.7010054992154,-3.809619170032289,35341.37918216269,52.77578226647618,28627.826403017487,276.1605978243498,42440.09927225894,166.26776682214407,135.12620748244456,0.8127023659787722,2238.113765405326,session_139278796688.csv,9
-48.147838908849366,1426.2336780716025,37.756236686786416,972.7733091014039,830.0774570948375,1514.9703977133147,18.871882368613342,49747.15206725084,76.28369043124003,40566.72914753687,318.28193205789154,60461.86244567935,260.96760217874106,218.93560459987646,0.838937871107234,1257.1929498759637,session_295068124703.csv,9
57.64385025252151,1599.3003631667732,-18.68972644992118,866.0015986274735,863.027530384194,1602.0515281641199,-59.167210499248654,93887.22447429199,-8.76035571405837,57915.842082071205,371.35973351703956,108926.90666256794,389.9854208534292,271.5648718032514,0.6963462152223525,666.2683583396781,session_310314552977.csv,9
3.12603355690238,1845.5579579337875,2.0653319101033647,1567.3821701237696,1006.3887725407678,2202.2571768741705,180.2514656372977,108982.67756954061,118.5189390341438,125924.01602251167,917.2137498684134,126649.80216392396,426.6558329193715,372.53749776910723,0.8731569312435048,228.1486831548685,session_311065407637.csv,9
286.98017771276665,2159.0997570068084,-59.57894551748923,1013.1645067930218,1165.872132615787,2101.155032728646,83.81474508658323,66526.70405094807,-14.500059619820318,43678.41302115096,623.3403876171615,74006.98411932743,372.4763550373647,252.661488890149,0.6783289341003554,572.1046357792617,session_546243494071.csv,9
-0.812969773037831,1695.0876690938164,3.7506714393279443,1265.7884550404297,950.3247583496355,1890.0842129246294,-48.14240259040816,74242.83494207973,-80.28854963827048,66171.81519997565,803.1812066204444,82636.37237580001,200.88712240088623,182.72193763406466,0.9095751656461959,854.2002698913508,session_567773167780.csv,9
65.62170547589463,1531.3320485837771,-1.6847402785259642,832.6344676290628,851.7471619907662,1522.1975885464137,118.80239110832422,49991.65017580253,-13.971302227539752,43933.10452606072,538.2723207918233,59110.133320245244,233.76643527790804,170.2330203657621,0.7282184038239344,7667.139169300491,session_685220138562.csv,9
-33.55422157495823,1281.636980889193,21.693802983879632,801.1226000333876,691.2215822113677,1344.6916572414514,63.59731734607405,54338.37645150511,35.04349146693794,37864.72086848892,224.02565056140372,62981.11756481651,245.8181638438564,190.95699700725794,0.7768221600112353,5469.94194201154,session_705650652848.csv,9
-48.40140549266195,1371.980745877,30.239117936105583,955.2238131127161,800.8039426682028,1468.5850701068648,-60.44412769728093,59012.66300643194,12.284091799226704,44045.91286270669,236.39805902847317,69420.68890089949,279.2900764596564,238.607293096453,0.8543350201375111,658.4395538236982,session_796520540279.csv,9
